Commit made at Sat Jul 20 01:32:10 UTC 2024
Commit made at Sat Jul 20 01:39:37 UTC 2024 with sticker: ğŸ™ Be thankful.
Commit made at Sun Jul 21 00:29:55 UTC 2024 with sticker: ğŸ˜ Happiness looks gorgeous on you.
Commit made at Sun Jul 21 12:53:30 UTC 2024 with sticker: 🙌 Together we achieve more.
Commit made at Sun Jul 21 19:37:32 UTC 2024 with sticker: ğŸ™ Be thankful.
Commit made at Sun Jul 21 19:50:49 UTC 2024 with sticker: 🙌 Together we achieve more.
Commit made at Sun Jul 21 20:05:41 UTC 2024 with sticker: ğŸ˜ Follow your heart.
Commit made at Sun Jul 21 20:36:56 UTC 2024 with sticker: 😢 Tears are words the heart can't express.
Commit made at Sun Jul 21 20:49:20 UTC 2024 with sticker: 🔥 Stay passionate.
Commit made at Sun Jul 21 21:07:19 UTC 2024 with sticker: ğŸ™ Be thankful.
Commit made at Sun Jul 21 21:22:43 UTC 2024 with sticker: 🤔 Think big, dream bigger.
Commit made at Sun Jul 21 21:35:55 UTC 2024 with sticker: ğŸ™ Be thankful.
Commit made at Sun Jul 21 21:48:24 UTC 2024 with sticker: ğŸ˜ Happiness looks gorgeous on you.
Commit made at Sun Jul 21 22:06:53 UTC 2024 with sticker: 😊 Keep smiling, it's contagious.
Commit made at Sun Jul 21 22:27:19 UTC 2024 with sticker: 🔥 Stay passionate.
Commit made at Sun Jul 21 22:39:57 UTC 2024 with sticker: ğŸ‘ Well done!
Commit made at Sun Jul 21 22:52:31 UTC 2024 with sticker: 😢 Tears are words the heart can't express.
